,Unnamed: 0,follower_count,friend_count,geo,location,name,place,retweet_count,screen_name,source,status_id,status_text,time_zone,tmstamp,pricing,free,promo,service,fast,slow,movie_game,texting
0,0,121,329,,Not_provided,bri ,,0,whatzamikey,Other,592116597491302400,but yo nash meet obama so im gonna go find the nearest cliff and jump off,Eastern Time (US & Canada),Sun Apr 26 00:02:52 +0000 2015,0,0,0,0,0,0,0,0
1,1,64147,58869,,LOUISIANA,Rock,,0,Tigerfists88,Other,592116596560121857,üåüLIVE WEBCAST:Pres. #Obama &amp; @FLOTUS .@MichelleObama at #NerdProm http://t.co/fP9ISuUymW #WHCD #TFB #news #p2 Obama #PeoplesChamp.!!‚ò∫,Central Time (US & Canada),Sun Apr 26 00:02:52 +0000 2015,0,0,0,0,0,0,0,0
2,2,265,523,,Not_provided,CatW2012,,5,LOLCat2014,Android,592116594135801859,"RT @kenklippenstein: Obama's insistence that he's ""not cavalier"" about drone strikes is a lie. He's literally joked about drone killings on‚Ä¶",Eastern Time (US & Canada),Sun Apr 26 00:02:51 +0000 2015,0,0,0,0,0,0,0,0
3,3,993,2002,,Not_provided,James Suchan,,35,CampbellsSoup7,Other,592116593917874176,"RT @thehill: Elizabeth Warren slams Obama for making ""untrue"" claims about opponents of trade deal: http://t.co/umwOkkOUbE http://t.co/ar5A‚Ä¶",Atlantic Time (Canada),Sun Apr 26 00:02:51 +0000 2015,0,0,0,0,0,0,0,0
4,4,241,1515,,Not_provided,info all the time,,0,YEWWinfo,Android,592116592953135104,"yewwNEWS TOP STORY Russian Hackers Read Obama‚Äôs Unclassified Emails, Officials ‚Ä¶ http://t.co/SSUCgvXfTI, see more http://t.co/Ue2IiIqto1",Eastern Time (US & Canada),Sun Apr 26 00:02:51 +0000 2015,0,0,0,0,0,0,0,0
5,5,1254,700,,Nantes  Earth,‚ùéJ√©r√¥me‚ù§Ô∏è‚û°‚ùÑ‚òï‚õµ‚ôª‚ôõ‚ôî‚ùé,,1,JerTignes,Other,592116589127929857,"RT @securitybeacon: Russian Hackers Read Obama‚Äôs Unclassified Emails, Officials Say http://t.co/L5fjEQh81Y",Paris,Sun Apr 26 00:02:50 +0000 2015,0,0,0,0,0,0,0,0
6,6,3113,2985,,themotorcity,..,,1,brokenwing2005,Other,592116588192485376,"RT @StephaniScruggs: Democrats call Obama out of #TPP &amp; #FastTrack lies
""Your Administration has deemed the draft text of the... http://t.c‚Ä¶",Eastern Time (US & Canada),Sun Apr 26 00:02:50 +0000 2015,0,0,0,0,0,0,0,0
7,7,664,424,,Phoenix Arizona,J A Y M E S,,4,JustJaymess,Other,592116588175724544,"RT @apadillafilm6: Will Obama ask #FreddieGray protesters for calm?

Tell them to believe in our American Justice System?

http://t.co/ZDIF‚Ä¶",Pacific Time (US & Canada),Sun Apr 26 00:02:50 +0000 2015,0,0,0,0,0,0,0,0
8,8,3332,2939,,Not_provided,ÂåóÈáéÊó•Â•àÂ≠ê  bot‚äø,,0,nogizaka_175,Other,592116587802398720,"@obama_fav2you  @„Å™„Çì„Å†„ÇçÔºü„Åï„Çì„Åä„ÇÑ„Åô„Åø„Å™„Åï„ÅÑ""((‚à©¬¥Ô∏∂`‚à©))""   ‰ªäÊó•„ÇÇ1Êó•„ÅäÁñ≤„ÇåÊßò„Åß„Åó„Åü‚ô°",Irkutsk,Sun Apr 26 00:02:50 +0000 2015,0,0,0,0,0,0,0,0
9,9,1721,1865,,Valencia-Venezuela,Gustavo Gudi√±o,,72,gustavogudino,Other,592116587391545344,"RT @MaihenH: #PreguntasRevolucionarias ¬øSi despiden empleados P√∫blicos por NO firmar Derogaci√≥n del Decreto Obama, La inamovilidad laboral ‚Ä¶",Unknown,Sun Apr 26 00:02:50 +0000 2015,0,0,0,0,0,0,0,0
10,10,2380,427,,"Madison, WI",Jim Remsik,,30,jremsikjr,Other,592116587030716417,"RT @greenhousenyt: NYT's Mark @bittman: TPP is ""a blatant attack on labor, farmers, food safety, public health &amp; national sovereignty."" htt‚Ä¶",Eastern Time (US & Canada),Sun Apr 26 00:02:49 +0000 2015,0,0,0,0,0,0,0,0
11,11,676,1474,,"Auckland, New Zealand",ThreeMonkeys AndMe,,0,We3forDemocracy,iOS,592116585822728192,"The TPP is little more than enhanced corporation power branded as free trade. 

 http://t.co/0uKAUY941z",Auckland,Sun Apr 26 00:02:49 +0000 2015,0,1,0,0,0,0,0,0
12,12,374,110,,Sydney,Nicholas Nicola,,342,nicolasnicola22,Other,592116585524891648,RT @nytimes: Russian hackers read President Obama‚Äôs unclassified emails http://t.co/5NiYy6T70x http://t.co/aK52eTh81F,Sydney,Sun Apr 26 00:02:49 +0000 2015,0,0,0,0,0,0,0,0
13,13,4331,3807,,KY / TN,Devil Dog,,1,StarliteGrunt,iOS,592116584845594624,"RT @CO2HOG: Russian Hackers Read Obama‚Äôs Unclassified Emails, Officials Say http://t.co/ag9KLZb0TE | #tcot",Central Time (US & Canada),Sun Apr 26 00:02:49 +0000 2015,0,0,0,0,0,0,0,0
14,14,97,77,,Not_provided,Mayuri Pai,,0,mayuripai,Other,592116582316380160,"Russian Hackers Read Obama's Unclassified Emails, Officials Say (New York Times) http://t.co/XtaryHaiJb",Unknown,Sun Apr 26 00:02:48 +0000 2015,0,0,0,0,0,0,0,0
15,15,329,86,, ‚úà‚îîA,A.O.A.,,0,AOAMOB,Other,592116581964115968,"RT "" funkflex: (Photos) Russian Crook's Hack Obama's Email! - http://t.co/SF2MzVj0EU¬† #IFWT """,Eastern Time (US & Canada),Sun Apr 26 00:02:48 +0000 2015,0,0,0,0,0,0,0,0
16,16,21,82,,Not_provided,Zirexium,,0,Zirexium,Other,592116581544501248,70k on a game changer and this is the best thing I got. Thanks Obama. @EASPORTS_MUT http://t.co/84AhRqYZtO,Unknown,Sun Apr 26 00:02:48 +0000 2015,0,0,0,0,0,0,1,0
17,17,327,214,,Kingston/ Jamaica,Kemmy Be Good,,0,Iamkemmybegood,Other,592116580177186816,"@tonysigar DJ TREASURE WAH GWAN JAMAICA DANCEHALL MIX ‚ïëOBAMA VISITS TO SISTA P‚ïë @DJTREASURE 2015 
https://t.co/HfINGeCCT0",Unknown,Sun Apr 26 00:02:48 +0000 2015,0,0,0,0,0,0,0,0
18,18,304583,4870,,"Menlo Park, CA",Marc Andreessen,,0,pmarca,Other,592116576297439232,@sephcoster Obama in the news today. Petreus. Etc etc.,Pacific Time (US & Canada),Sun Apr 26 00:02:47 +0000 2015,1,0,0,0,0,0,0,0
19,19,485,725,,Greatest Country of Earth,TW156,,0,TWood156,Other,592116574393212928,@phscoop @Rene_gadeCowboy racist punks encouraged by their wanna be baby daddy Obama,Eastern Time (US & Canada),Sun Apr 26 00:02:46 +0000 2015,0,0,0,0,0,0,0,0
20,20,4583,4995,,"bronx, new tork",The Celtic Critic,,0,timodonnell14,Other,592116574045114368,Biden: ‚ÄòNo President Has Ever Done More to Support Israel‚Äôs Security than Obama‚Äô - Tea Party News http://t.co/QLOhbCZxoL,Unknown,Sun Apr 26 00:02:46 +0000 2015,0,0,0,0,0,0,0,0
21,21,3392,1936,,Philadelphia,Brian P. Hickey,,125,BrianPHickey,Other,592116573390970880,"RT @rolandsmartin: If the unrest continues in Baltimore, Pres Obama should junk the jokes &amp; give a real speech on the reality of police bru‚Ä¶",Central Time (US & Canada),Sun Apr 26 00:02:46 +0000 2015,0,0,0,0,0,0,0,0
22,22,143,364,"{u'type': u'Point', u'coordinates': [48.4356989, -89.22498501]}",T.Bay Ontario,Josh Hogan,"{u'full_name': u'Thunder Bay, Ontario', u'url': u'https://api.twitter.com/1.1/geo/id/4f0206a4181479ef.json', u'country': u'Canada', u'place_type': u'city', u'bounding_box': {u'type': u'Polygon', u'coordinates': [[[-89.429427, 48.289211], [-89.044669, 48.289211], [-89.044669, 48.515442], [-89.429427, 48.515442]]]}, u'contained_within': [], u'country_code': u'CA', u'attributes': {}, u'id': u'4f0206a4181479ef', u'name': u'Thunder Bay'}",0,HollywoodHogann,iOS,592116571658584064,@ercifying BARACK OBAMA,Unknown,Sun Apr 26 00:02:46 +0000 2015,0,0,0,0,0,0,0,0
23,23,3370,3108,,"Pinecliff, Colorado",David Kneeland,,5,kneelandsan,Other,592116569305522176,"RT @SardinePundit: The crowd at the vomit-inducing White House Correspondents Dinner,can't wait to worship their clay-footed idol,Obama htt‚Ä¶",Mountain Time (US & Canada),Sun Apr 26 00:02:45 +0000 2015,0,0,0,0,0,0,0,0
24,24,882,821,,Not_provided,Laurie,,5,detous,Other,592116560300388354,"RT @GottaLaff: Has Fox ""News"" reported on how terrible President Obama's #WHCD stand-up is yet? He'll be on in 90 minutes. #NerdProm",Pacific Time (US & Canada),Sun Apr 26 00:02:43 +0000 2015,0,0,0,0,0,0,0,0
25,25,6273,6129,,"Kentucky, USA",Sandra F Woodward,,0,KySandy,TweetDeck,592116560149520384,"Right Before Bin Laden Died, Obama Refused to Joke About Him http://t.co/gpjnGc6rVP via @usnews || I wonder what he leaves out tonight #WHCD",Atlantic Time (Canada),Sun Apr 26 00:02:43 +0000 2015,0,0,0,0,0,0,0,0
26,26,4583,4995,,"bronx, new tork",The Celtic Critic,,0,timodonnell14,Other,592116552436187137,http://t.co/erOTSN96C6,Unknown,Sun Apr 26 00:02:41 +0000 2015,0,0,0,0,0,0,0,0
27,27,117,215,,Venezuela,Edgar Aristizabal,,0,edgardantena,Other,592116547155578881,"#2015SeraHistorico Le cantaron sus verdades a Obama en Panam√° y a Rajoy lo enjabonaron y restregaron en el congreso, pa que mas!",Caracas,Sun Apr 26 00:02:40 +0000 2015,0,0,0,0,0,0,0,0
28,28,840,1056,,Nairobi-Dakar-Douala-Bamenda,Walter NGOUAMO,,0,Walter_NGOUAMO,Other,592116539840565248,http://t.co/tfQXSUyrtR... http://t.co/2dE3uxh4AF,Athens,Sun Apr 26 00:02:38 +0000 2015,0,0,0,0,0,0,0,0
29,29,97,221,,Not_provided,MP1,,17,MPellegrini1,Other,592116538980851712,"RT @RockNRollPics: Robert DeNiro, Bruce Springsteen, and Barack Obama. http://t.co/1tL7Hy2OvA",Buenos Aires,Sun Apr 26 00:02:38 +0000 2015,0,0,0,0,0,0,0,0
30,30,132,121,,Not_provided,#OrwellpoodlesUnite,,0,fowlerradio,Other,592116537001058305,@AandGShow Exciting! I like the part where Obama suckles the WH press Corp at his breast &amp; hands out their new leashes. Yay!,Unknown,Sun Apr 26 00:02:38 +0000 2015,0,0,0,0,0,0,0,0
31,31,488,742,,"winnipeg, mb",LindsayB,,0,ladybyng19,Unknown,592116531493883904,@GrooveSDC that's what I said! Lol Obama really IS saving small business america,Central Time (US & Canada),Sun Apr 26 00:02:36 +0000 2015,0,0,0,0,0,0,0,0
32,32,2817,2836,,Not_provided,Eleanor Davis,,3,theeleanordavis,Unknown,592116531456253952,RT @petefrt: Obama Was Expressly Warned About VA Death Panels 5 Yrs Ago... http://t.co/8WjbM0wJIB  #tcot #teaparty #pjnet #p2 http://t.co/e‚Ä¶,Eastern Time (US & Canada),Sun Apr 26 00:02:36 +0000 2015,0,0,0,0,0,0,0,0
33,33,249,486,,Not_provided,Mary Brady,,0,khmld9t5,Unknown,592116530642554880,Open letter 2 people who hate Obama more than they love Amer. The author sumed it up w more accuracy th http://t.co/UzIF5oIh1W via @dailykos,Unknown,Sun Apr 26 00:02:36 +0000 2015,0,0,0,0,0,0,0,0
34,34,1798,227,,"Alicante, Spain",World News,,0,world_latest,Unknown,592116529937948672,New: Russian hackers read unclassified Obama emails ‚Äì report [link removed] #follow Go to [link removed] and make free ‚Ä¶ world_latest Go to‚Ä¶,Unknown,Sun Apr 26 00:02:36 +0000 2015,0,1,0,0,0,0,0,0
35,35,3776,783,,Not_provided,yerania ,,0,wonderfulgrier,Unknown,592116528939606017,WHEN YOUR IDOL IS MEETING OBAMA http://t.co/c6xz0BDfMy,Pacific Time (US & Canada),Sun Apr 26 00:02:36 +0000 2015,0,0,0,0,0,0,0,0
36,36,8,57,,Not_provided,AGENCIES NEWS,,0,AgenciesNews,Unknown,592116523294134273,Russian hackers read Obama's unclassified emails last year: NYT http://t.co/N139Dcuam9,Unknown,Sun Apr 26 00:02:34 +0000 2015,0,0,0,0,0,0,0,0
37,37,185,272,,"Rochester, MN, USA",Paul Huddleston,,0,paulmhuddleston,Unknown,592116520278331392,"Russian Hackers Read Obama‚Äôs Unclassified Emails, Officials Say http://t.co/ss8nXwXyXh",Central Time (US & Canada),Sun Apr 26 00:02:34 +0000 2015,0,0,0,0,0,0,0,0
38,38,149,274,,Central West Virgnia,Patricia Workman,,10,WvRhyter,Unknown,592116519624019969,"RT @jstines3: Obama renders CONSTITUTION VOID by illegal &amp; rogue Executive Orders!
 
#PJNET #RedMeat #MakeItRight #NoAmnesty 
http://t.co/0‚Ä¶",Eastern Time (US & Canada),Sun Apr 26 00:02:33 +0000 2015,0,0,0,0,0,0,0,0
39,39,70,254,,Behind you all along!,Adam Hall,,0,adamchhall,Unknown,592116519124897792,"@OfQuartz1 @MichaelEDyson @CornelWest Charisma isn't enough.Obama had it, a crisis in 2008, etc. &amp; he wasn't able to do everything he wanted",Pacific Time (US & Canada),Sun Apr 26 00:02:33 +0000 2015,0,0,0,0,0,0,0,0
40,40,4583,4995,,"bronx, new tork",The Celtic Critic,,0,timodonnell14,Unknown,592116516155314176,Biden: ‚ÄòNo President Has Ever Done More to Support Israel‚Äôs Security than Obama‚Äô ‚Äì  http://t.co/Lw1uhKx0Fi,Unknown,Sun Apr 26 00:02:33 +0000 2015,0,0,0,0,0,0,0,0
41,41,704,981,,Central Florida,Mark Fisher,,20,Gatortrapper,Unknown,592116515434016770,"RT @petefrt: Dems Privately Call Obama Detached, Flat Footed, Incompetent http://t.co/NwruVp4rGn  #tcot #teaparty #pjnet #p2 http://t.co/IF‚Ä¶",Eastern Time (US & Canada),Sun Apr 26 00:02:32 +0000 2015,0,0,0,0,0,0,0,0
42,42,793,96,,Not_provided,Glauco Maggi,,0,glaucomaggi,Unknown,592116514154803202,"Glauco Maggi @glaucomaggi su LIBEROquotidiano.it
Obama sposa il libero scambio -e il GOP - e mette nei guai la... http://t.co/dbK83Np11T",Unknown,Sun Apr 26 00:02:32 +0000 2015,0,0,0,0,0,0,0,0
43,43,56,159,,on the soccer field,Alberto Najera,,0,Obama_The_Kid,Unknown,592116513638715392,i hate my job ._. my coworkers never do what they need to before me r.r need a new job,Mountain Time (US & Canada),Sun Apr 26 00:02:32 +0000 2015,0,0,0,0,0,0,0,0
44,44,12394,9715,,Not_provided,Angel,,0,Angelemichelle,Unknown,592116513089265664,Report: Russian Hackers Accessed Obama's Emails http://t.co/r0YTuPc9ss #ccot #tcot,Arizona,Sun Apr 26 00:02:32 +0000 2015,0,0,0,0,0,0,0,0
45,45,346,2001,,"Houston,Tx",LIZA ELIZABETH,,0,LizaElizabethtx,Unknown,592116509549457409,Pelosi criticizes Obama-backed trade bill http://t.co/1XJZHkKNl9,Eastern Time (US & Canada),Sun Apr 26 00:02:31 +0000 2015,0,0,0,0,0,0,0,0
46,46,828,288,,Not_provided,mar almighty,,0,laughlrh,Unknown,592116508324663296,don't wanna be Obama self,Central Time (US & Canada),Sun Apr 26 00:02:31 +0000 2015,0,0,0,0,0,0,0,0
47,47,5749,4971,,Not_provided,ara,,25,HORANCABELL0,Unknown,592116507909312512,RT @cabellotag: quiero dedicarle este rdma a mi mam√° y a las chicas que son la razon por la que lo tenga hoy y quiero agradecerle a dios y ‚Ä¶,Mexico City,Sun Apr 26 00:02:31 +0000 2015,0,0,0,0,0,0,0,0
48,48,279,454,,Paso de los Toros,Stay Strong (:,,128,SraDeLautner,Unknown,592116507691352065,"RT @FrancoGimenezTW: Tener 4 pruebas el mismo d√≠a y un dia antes tener un colapso mental tipo ""La capital de Arg es VERBO, Obama rey de Cub‚Ä¶",Santiago,Sun Apr 26 00:02:31 +0000 2015,0,0,0,0,0,0,0,0
49,49,178390,177447,,Not_provided,‚ôö ·òá‡∏∫·ìól ÕªÃá·ìóÃ£,,346,brb__7,Unknown,592116507414396928,"RT @FAISAL__KSA1: ÔªüÔª¥Ô∫≤ ÔªãÔª†Ôª¥Ôªö Ô∫çÔª• Ô∫óÔªúÔªÆÔª• ÔªãÔªàÔª¥Ôª§Ô∫é ÔªüÔ∫òÔ∫íÔ∫™Ô∫É ÿå Ôª≠ÔªüÔªúÔª¶ ÔªãÔª†Ôª¥Ôªö 
Ô∫çÔª• Ô∫óÔ∫íÔ∫™Ô∫É ÔªõÔª≤ Ô∫óÔªúÔªÆÔª• ÔªãÔªàÔª¥Ôª§Ô∫é ..!
Barak Obama in the past http://t.co/Vo7azaKu6y",Kyiv,Sun Apr 26 00:02:31 +0000 2015,0,0,0,0,0,0,0,0
50,50,464,399,,Not_provided,cfiman,,1,Cfiman1Cfiman,Unknown,592116505636024321,RT @JWV52: Report: Russian Hackers Accessed Obama's Emails http://t.co/LwbxbIPUEU via @BreitbartNews,Eastern Time (US & Canada),Sun Apr 26 00:02:30 +0000 2015,0,0,0,0,0,0,0,0
51,51,5213,4727,,Siempre Te Amar√© Hugo!,#Ch√°vezEsHumanidad,,1,EmilyKrogger,Unknown,592116505598402560,"RT @100cienCHAVISTA: FOTOS QUE HABLAN
F1.@NicolasMaduro:""Mira Obama lo que te entr√≤ en PANAM√Ä es de este TAMA√ëO
F2 @MrObama:""√ëO ME JOD√å"" ht‚Ä¶",Caracas,Sun Apr 26 00:02:30 +0000 2015,0,0,0,0,0,0,0,0
52,52,790,807,,Ohio,boo42,,0,boo42OH,Unknown,592116504520499200,"New research frm Duke U. found that current climate models might be overestimated expected warming.OBAMA on WRONG side of this, too!#tcot",Eastern Time (US & Canada),Sun Apr 26 00:02:30 +0000 2015,0,0,0,0,0,0,0,0
53,53,1490,809,"{u'type': u'Point', u'coordinates': [47.31919463, 5.00657474]}",Instagram ‚û°Ô∏è,√áA FLINGUE!!! ¬Æ,"{u'full_name': u'Dijon, Bourgogne', u'url': u'https://api.twitter.com/1.1/geo/id/7c3bafe4c4783291.json', u'country': u'France', u'place_type': u'city', u'bounding_box': {u'type': u'Polygon', u'coordinates': [[[4.9624688, 47.2862364], [5.102104, 47.2862364], [5.102104, 47.3775861], [4.9624688, 47.3775861]]]}, u'contained_within': [], u'country_code': u'FR', u'attributes': {}, u'id': u'7c3bafe4c4783291', u'name': u'Dijon'}",0,MESKO_POGBA,Unknown,592116504075890688,J'mate le cul d'ta racli comme Obama,Amsterdam,Sun Apr 26 00:02:30 +0000 2015,0,0,0,0,0,0,0,0
54,54,1291,1937,,Not_provided,#nick,,0,Morgeson2Song,Unknown,592116502796570624,The Real News: Obama‚Äôs New Middle East is an Arab nightmare http://t.co/cBdWD8Vb5D,Unknown,Sun Apr 26 00:02:29 +0000 2015,0,0,0,0,0,0,0,0
55,55,394,798,,Not_provided,Sh‚í∂ne ‚úå,,8,Quinnyyy72,Unknown,592116499244023809,RT @lajouetreine: Here Is Obama's Ukraine Nazis Crucifying And Burning People! #ccot #PJNET #WakeUpAmerica http://t.co/Gg0tYGEkLC http://t.‚Ä¶,Eastern Time (US & Canada),Sun Apr 26 00:02:29 +0000 2015,0,0,0,0,0,0,0,0
56,56,233,166,,Florida,Roslyn Ore,,9,RoslynOre,Unknown,592116499046891520,"RT @OreBobby: Russian Hackers Read Obama‚Äôs Unclassified Emails, Officials Say: The hackers dido not appear to have penetrate... http://t.co‚Ä¶",Atlantic Time (Canada),Sun Apr 26 00:02:29 +0000 2015,0,0,0,0,0,0,0,0
57,57,223,305,,East Egg ,LoveStoned Antoinett,,10,August41942,Unknown,592116498786852864,"RT @Russian_Starr: Obama seems incapable of critiquing racism without admonishing black people with typical calls for ""personal responsibly‚Ä¶",Quito,Sun Apr 26 00:02:28 +0000 2015,0,0,0,0,0,0,0,0
58,58,1109,1933,,Not_provided,„É¢„É™„Ç∑„Çø„ÄÄ„Ç∑„É≠„Ç¶,,0,scsmorishita,Unknown,592116497570365440,"First Lady Michelle Obama meets with Emine Erdoƒüan, wife of the Prime Minister ... http://t.co/hf04Ft4JT1 @MichelleNews„Åï„Çì„Åã„Çâ",Unknown,Sun Apr 26 00:02:28 +0000 2015,0,0,0,0,0,0,0,0
59,59,357,102,,"portsmouth ,Rhode Island",george corey,,7,georgecorey4,Unknown,592116491102846976,RT @BlossomMajority: @GenGSPatton -  PHOTO: The Disturbing Picture Of Obama‚Äôs Kenyan Grandma He Does NOT Want You To See http://t.co/8FIwZc‚Ä¶,Unknown,Sun Apr 26 00:02:27 +0000 2015,0,0,0,0,0,0,0,0
60,60,2861,3008,,All over the world!,Explosive News,,0,newspalmique,Unknown,592116489207062528,via #endgadget Russian hackers scooped up the President's unclassified email http://t.co/6QXpBAGfne,Bucharest,Sun Apr 26 00:02:26 +0000 2015,0,0,0,0,0,0,0,0
61,61,597,1124,,Los Angeles,Lucia Reyes,,0,LuciaReyesLA,Unknown,592116487114125312,A New Take On Avocado Toast - Refinery29 is participating in First Lady Michelle Obama's #GimmeFive¬†challenge. To ... http://t.co/mgTK6e4BMR,Unknown,Sun Apr 26 00:02:26 +0000 2015,0,0,0,0,0,0,0,0
62,62,2553,54,,Seoul,All Trends IT,,0,All_Trends_IT,Unknown,592116485612515328,"Russian Hackers Read Obama‚Äôs Unclassified Emails, Hacked White House Computer Networks http://t.co/TfOAN711X8 via Rahul Srinivas",Hawaii,Sun Apr 26 00:02:25 +0000 2015,0,0,0,0,0,0,0,0
63,63,1765,1961,,Between Agnostic and Atheist,CA,,34,Criticalanglez,Unknown,592116477651619841,"RT @CNNPolitics: If you've crossed Obama in the last year, you might want to stay home tonight #WHCD http://t.co/359ji1zY6g http://t.co/0QF‚Ä¶",Unknown,Sun Apr 26 00:02:23 +0000 2015,0,0,0,0,0,0,0,0
64,64,1553,2000,,"Hawthorne, NY",Frank Morganthaler,,39,GiveMeLibertyUS,Unknown,592116474979815425,"RT @PJStrikeForce: Could Be In A History Book One Day: 
""The Obama Way Of Life"" http://t.co/S2dOrBd6d4",Unknown,Sun Apr 26 00:02:23 +0000 2015,0,0,0,0,0,0,0,0
65,65,11,37,,"Henderson, NV",Vikezilla,,0,Vikezilla,Unknown,592116474078072832,@badsandwich Obama's America,Unknown,Sun Apr 26 00:02:23 +0000 2015,0,0,0,0,0,0,0,0
66,66,3771,1816,,San Francisco,meta,,1,metaquest,Unknown,592116470772989952,"RT @AlisaJass: @metaquest and all we'll hear from the assholes in the media &amp; the assholes on the left is ""why hasn't Obama closed Gitmo""",Pacific Time (US & Canada),Sun Apr 26 00:02:22 +0000 2015,0,0,0,0,0,0,0,0
67,67,164,141,,Not_provided,Mrs_Coder,,18,Mrs_Coder,Unknown,592116468596211712,RT @thehill: Russian hackers reportedly obtained Obama's emails: http://t.co/Wt2C7xzwXP http://t.co/KUdmWPugtq,Unknown,Sun Apr 26 00:02:21 +0000 2015,0,0,0,0,0,0,0,0
68,68,68,24,,Cincinnati area,Michael Cook,,0,truthmiracle,Unknown,592116468445130753,Ron Paul: Obama 'literally assassinated' Americans in airstrikes http://t.co/hmlE4YBpYg,Central Time (US & Canada),Sun Apr 26 00:02:21 +0000 2015,0,0,0,0,0,0,0,0
69,69,651,410,,Crestwood,Dj Coontz,,50688,DieselCoontz,Unknown,592116466243207170,RT @BarackObama: #ClimateChangeIsReal. So is President Obama's 3-point game. http://t.co/M27bxCqJSG,Atlantic Time (Canada),Sun Apr 26 00:02:21 +0000 2015,0,0,0,0,0,0,1,0
70,70,1976,1932,,"Tulsa, Oklahoma",Ian Cone,,10,conens46,Unknown,592116463781031936,"RT @jstines3: Obama renders CONSTITUTION VOID by illegal &amp; rogue Executive Orders!
 
#PJNET #RedMeat #MakeItRight #NoAmnesty 
http://t.co/0‚Ä¶",Unknown,Sun Apr 26 00:02:20 +0000 2015,0,0,0,0,0,0,0,0
71,71,13,37,,"ATHENS, GREECE",NIKOS GKIVISIS,,342,NICKGIVISSIS,Unknown,592116461226852353,RT @nytimes: Russian hackers read President Obama‚Äôs unclassified emails http://t.co/5NiYy6T70x http://t.co/aK52eTh81F,Athens,Sun Apr 26 00:02:20 +0000 2015,0,0,0,0,0,0,0,0
72,72,943,840,,"Brooklyn, NY",Monty McKeever,,0,montymckeever,Unknown,592116460824227840,@WhiteHouse Get secret money out of politics https://t.co/9c5jtdxHvH #getmoneyout,Unknown,Sun Apr 26 00:02:19 +0000 2015,0,0,0,0,0,0,0,0
73,73,12,120,,Not_provided,Craig Riggins,,0,RigginsReport,Unknown,592116460396261376,How Ambition and Outrage over Obama Criticism Drove Michael Eric Dyson's Disproportionate Attack... http://t.co/9bDe92wq68,Eastern Time (US & Canada),Sun Apr 26 00:02:19 +0000 2015,0,0,0,0,0,0,0,0
74,74,813,810,,Isaiah 5:20 & Joshua 1:8-9,Jonathan,,0,ad_iudicium1776,Unknown,592116455698726912,Disturbed's Indestructible- American Military Tribute https://t.co/atv9w2G4ll &gt;&gt; SCREW off #Obama #HAMAS #ISIS #MuslimBrotherhood #AlQaeda,Hawaii,Sun Apr 26 00:02:18 +0000 2015,0,0,0,0,0,0,0,0
75,75,47,76,,Not_provided,Tony Amador,,29,tonyamador11,Unknown,592116454952054784,RT @engadget: Russian hackers scooped up the President's unclassified email http://t.co/3ocx8kt3UI http://t.co/CmhWNBBaBi,Unknown,Sun Apr 26 00:02:18 +0000 2015,0,0,0,0,0,0,0,0
76,76,2073,977,,Ecuador,Victoria en CRISTO,,1,VictoriaGilad,Unknown,592116452179746816,"RT @jmkarg: Seg√∫n el New York Times, algunos mails de Obama fueron interceptados por hackers rusos en 2014 http://t.co/SSM14amHNQ http://t.‚Ä¶",Quito,Sun Apr 26 00:02:17 +0000 2015,0,0,0,0,0,0,0,0
77,77,1268,1837,,Not_provided,...,,25,staybclauren,Unknown,592116449503764480,RT @cabellotag: quiero dedicarle este rdma a mi mam√° y a las chicas que son la razon por la que lo tenga hoy y quiero agradecerle a dios y ‚Ä¶,Caracas,Sun Apr 26 00:02:17 +0000 2015,0,0,0,0,0,0,0,0
78,78,1959,2106,,Not_provided,Nurse Ratched,,25,veggie64_leslie,Unknown,592116449013047296,"RT @MotherJones: Here's what you need to know about the trade deal dividing the left 
http://t.co/9DQOeaWNHx http://t.co/tub0YUHUio",Unknown,Sun Apr 26 00:02:17 +0000 2015,0,0,0,0,0,0,0,0
79,79,42,48,,"Richmond, VA",Kronoport.com,,0,Kronoportnews,Unknown,592116448564121600,Fresh on Kronoport Senator Cardin's Wife &amp; That Obama Phone Call http://t.co/23nxC1uMau,Atlantic Time (Canada),Sun Apr 26 00:02:16 +0000 2015,0,0,0,0,0,0,0,0
80,80,326,840,,Nick Van Exel ,Clarence Whorley,,0,ClarenceWhorley,Unknown,592116445800194049,"@HeadOColettuce @DeAnn_1 @agalia112 I don't find American's dead, Obama, Hillary blaming a video made by a citizen to hide a CIA op funny",Eastern Time (US & Canada),Sun Apr 26 00:02:16 +0000 2015,0,0,0,0,0,0,0,0
81,81,1984,2173,,NEW JERSEY,josephradomski,,0,pgh08831,Unknown,592116444558598144,Obama is that u i see in that white robe with the Rev Wright?????? https://t.co/D3Yn213Cbo,Pacific Time (US & Canada),Sun Apr 26 00:02:16 +0000 2015,0,0,0,0,0,0,0,0
82,82,4880,3698,,Global,Dr. Tim Kirk,,0,Khantimur,Unknown,592116437914918915,Russian hackers read Obama's unclassified emails last year: NYT http://t.co/5Jyx2qWQzC #Civil_Vision,Unknown,Sun Apr 26 00:02:14 +0000 2015,0,0,0,0,0,0,0,0
83,83,1168,1023,,"Lawton, Oklahoma",EricBrewton.com,,38,ebrew79,Unknown,592116437650526209,"RT @rolandsmartin: And since the media elite is in the room, Pres Obama should challenge them to devote the time &amp; resources to covering th‚Ä¶",Mountain Time (US & Canada),Sun Apr 26 00:02:14 +0000 2015,0,0,0,0,0,0,0,0
84,84,4880,3698,,Global,Dr. Tim Kirk,,0,Khantimur,Unknown,592116435717095424,Russian hackers read Obama's unclassified emails last year: NYT http://t.co/5Jyx2qWQzC #civil_vision,Unknown,Sun Apr 26 00:02:13 +0000 2015,0,0,0,0,0,0,0,0
85,85,155,412,,"Atlanta, GA",Melissa Kemp,,0,narcysus,Unknown,592116433968091136,The Ghosts of Obama's Victims: How Liberals' Attacks on Cornel West Expose Their Political Bank‚Ä¶ http://t.co/YlJ0ppKd6k via @BenjaminNorton,Eastern Time (US & Canada),Sun Apr 26 00:02:13 +0000 2015,0,0,0,0,0,0,0,0
86,86,62,235,,Volta Redonda-RJ,Brener Pereira,,15,BrenerTP,Unknown,592116433091432448,"RT @folha: Russos acessam e-mail do presidente Obama, diz jornal. http://t.co/9SplCzNZVT",Mid-Atlantic,Sun Apr 26 00:02:13 +0000 2015,0,0,0,0,0,0,0,0
87,87,1039,682,,Oviedo - Asturias - Espa√±a,SkyTools Drones,,0,sky_tools,Unknown,592116432932052992,"dronemaniac: RT  Glenn Greenwald¬†¬†¬†¬†¬†¬†¬†¬†‚úî ggreenwald :
Pakistanis want to know: When Will Obama Apologize for Dron‚Ä¶ http://t.co/AgfiSy8MVM",Unknown,Sun Apr 26 00:02:13 +0000 2015,0,0,0,0,0,0,0,0
88,88,219,119,,Not_provided,Daniel Watts,,5,BamaDan78,Unknown,592116431963168769,"RT @SardinePundit: The crowd at the vomit-inducing White House Correspondents Dinner,can't wait to worship their clay-footed idol,Obama htt‚Ä¶",Central Time (US & Canada),Sun Apr 26 00:02:13 +0000 2015,0,0,0,0,0,0,0,0
89,89,40576,44332,,Pls #Follow Share & Debate ,Q&A: 114th Congress,,1,IamTheWindowMan,Unknown,592116431627628546,"RT @ClimateResolve: Why Obama‚Äôs Earth Day trip to the Florida Everglades was a shrewd move in the #climate debate, via @washingtonpost http‚Ä¶",Eastern Time (US & Canada),Sun Apr 26 00:02:12 +0000 2015,0,0,0,0,0,0,0,0
90,90,91,47,,New York ,Juan Perez,,809,Perez210Juan,Unknown,592116430239236097,"RT @BarackObama: ""We can‚Äôt surrender to the future‚Äîbecause we are meant to win the future."" ‚ÄîPresident Obama http://t.co/FT27suS88W #LeadOn‚Ä¶",Unknown,Sun Apr 26 00:02:12 +0000 2015,0,0,0,0,0,0,0,0
91,91,3771,1816,,San Francisco,meta,,1,metaquest,Unknown,592116425885556736,RT @marabout40: @stiNgo100 @metaquest why two years? They want to make sure it's not President Obama who closes it.,Pacific Time (US & Canada),Sun Apr 26 00:02:11 +0000 2015,0,0,0,0,0,0,0,0
92,92,712767,1706,,in that 1970 chevelle ss,Funk Flex !!!!!,,0,funkflex,Unknown,592116425390600192,(Photos) Russian Crook's Hack Obama's Email! - http://t.co/T1dLOTrrrq #IFWT,Eastern Time (US & Canada),Sun Apr 26 00:02:11 +0000 2015,0,0,0,0,0,0,0,0
93,93,5542,28,,Top Of The Best,IFWT,,0,InFlexWeTrust,Unknown,592116420281901056,(Photos) Russian Crook's Hack Obama's Email! - http://t.co/nrNYUEH4Uh #IFWT,Quito,Sun Apr 26 00:02:10 +0000 2015,0,0,0,0,0,0,0,0
94,94,340,2001,,"Ventura, California",Daniel James Lessley,,0,lessley_daniel,Unknown,592116418407075840,US President Barack Obama briefed on Nepal earthquake - The Economic Times http://t.co/D725VUMeyG #Nepal #NepalEarthquake,Pacific Time (US & Canada),Sun Apr 26 00:02:09 +0000 2015,0,0,0,0,0,0,0,0
95,95,7365,6601,,Not_provided,Bossy Mary Drott,,15,DrottM,Unknown,592116417572380672,"RT @2AFight: #Obama's own words about #debt... was $8T, now OVER $18T #tcot #tgdn #PJNET #ccot http://t.co/JztdnoVAjE",Unknown,Sun Apr 26 00:02:09 +0000 2015,0,0,0,0,0,0,0,0
96,96,1136,1802,,"francophonies, compte certifi√©",JamesDarlays,,15,DarlaysJames,Unknown,592116417362812928,"RT @cspan: ""Oh God, it's Mom.""  @mamawoodhouse with President Obama &amp; @FLOTUS Michelle Obama. #WHCD #WHCD2015 #NerdProm http://t.co/uD7KNzq‚Ä¶",London,Sun Apr 26 00:02:09 +0000 2015,0,0,0,0,0,0,0,0
97,97,439,1344,,"Albuquerque, NM",ABQ Satellite TV,,0,ABQSatellite,Unknown,592116417014714371,Sanjay Gupta on ‚ÄòWeed 3': Obama Is Pulling for Pot - http://t.co/GvPb1JCIgy #TV,Unknown,Sun Apr 26 00:02:09 +0000 2015,0,0,0,0,0,0,0,0
98,98,5,0,,"Brisbane, Australia",Jon Whitty,,0,jon_whigty,Unknown,592116414778998784,"With only 2 of the worlds oil reserves, we cant just drill our way to lower gas prices, President Obama, 2012",Unknown,Sun Apr 26 00:02:08 +0000 2015,1,0,0,0,0,0,0,0
99,99,53,168,,Not_provided,johanna PS,,87,theJoPis,Unknown,592116413520879616,RT @Reuters: Russian hackers read Obama's unclassified emails last year: NYT http://t.co/m8rq1Hvh2O,Unknown,Sun Apr 26 00:02:08 +0000 2015,0,0,0,0,0,0,0,0
100,100,23,73,,Not_provided,jCf,,1,anJjJjels,Unknown,592116373784043521,"RT @Fribbitt: RT @TunaCharlie: 10 RINO Republicans cause Obama's dreams to come true with appointment of Loretta Lynch. #GOP says, ""Huh?"" (‚Ä¶",Eastern Time (US & Canada),Sun Apr 26 00:01:59 +0000 2015,0,0,0,0,0,0,0,0
101,101,27,322,,Not_provided,JT,,0,WDCBOOMER,Unknown,592116372685062144,Elizabeth Warren Tells Obama To Put Up Or Shut Up On Trade http://t.co/HHC6QGhxHw via @HuffPostPol,Unknown,Sun Apr 26 00:01:58 +0000 2015,0,0,0,0,0,0,0,0
102,102,19212,14876,,Not_provided,€µ ‚ô•ÿ≠ÿ≥ŸÜ ⁄©ŸÖÿßŸÑ ÿ∑ÿß€Åÿ± ‚ô• €µ,,0,hkTjee,Unknown,592116371317723136,"China News- Russian Hackers Read Obama‚Äôs Unclassified Emails, Officials Say http://t.co/IQo1wS2SLX",Karachi,Sun Apr 26 00:01:58 +0000 2015,0,0,0,0,0,0,0,0
103,103,1326,1496,,"Greenwood, IN",Mike Briggs,,184,MikeBriggs32,Unknown,592116369220468736,"RT @hale_razor: Maybe if Obama's IRS reviewed Democrats as closely as it did conservatives it would've found Hillary's ""errors"" before Reut‚Ä¶",Atlantic Time (Canada),Sun Apr 26 00:01:58 +0000 2015,0,0,0,0,0,0,0,0
104,104,6285,6161,,My partner of 42 yrs @Paulx54 ,maggie ,,15,jungmuse,Unknown,592116368733970432,"RT @cspan: ""Oh God, it's Mom.""  @mamawoodhouse with President Obama &amp; @FLOTUS Michelle Obama. #WHCD #WHCD2015 #NerdProm http://t.co/uD7KNzq‚Ä¶",Central Time (US & Canada),Sun Apr 26 00:01:57 +0000 2015,0,0,0,0,0,0,0,0
105,105,90,192,,Not_provided,Annie M,,0,SaucyMoffit,Unknown,592116368536895488,@RNRWashington @MileHiLady52   Obama will only pardon her.,Eastern Time (US & Canada),Sun Apr 26 00:01:57 +0000 2015,0,0,0,0,0,0,0,0
106,106,489,1321,,"Gardena, Ca",Al Guzman,,0,celestialwizard,Unknown,592116367773466625,"Malik Obama Says Barack is Dishonest, a Schemer &amp; Frank Marshall Davis May Be His Real Father http://t.co/6CQNIUPpGd",Pacific Time (US & Canada),Sun Apr 26 00:01:57 +0000 2015,0,0,0,0,0,0,0,0
107,107,473,383,,Not_provided,mirta lanzone,,1,mariposadefurgo,Unknown,592116365785493505,"RT @mavica7: Hackers rusos accedieron a emails de Obama

http://t.co/iCBxR8MyDR",Unknown,Sun Apr 26 00:01:57 +0000 2015,0,0,0,0,0,0,0,0
108,108,109,175,,Leicester,Harry Tse,,50688,harri_tse,Unknown,592116364401336321,RT @BarackObama: #ClimateChangeIsReal. So is President Obama's 3-point game. http://t.co/M27bxCqJSG,Unknown,Sun Apr 26 00:01:56 +0000 2015,0,0,0,0,0,0,1,0
109,109,135,135,,"Lasgidi,calabar",Kendrick_nawa,,138,Pope_Ice,Unknown,592116364321628160,"RT @cnnbrk: Obama's motorcade arrives at #WHCD, met by waving, cheering crowd. Watch CNNgo http://t.co/nM0NMNkNCE",Unknown,Sun Apr 26 00:01:56 +0000 2015,0,0,0,0,0,0,0,0
110,110,1516,1989,,Not_provided,@CTGJR,,0,CtgjrJr,Unknown,592116363377975297,"Russian Hackers Read Obama‚Äôs Unclassified Emails, Officials Say http://t.co/OcoCLzwKSv",Unknown,Sun Apr 26 00:01:56 +0000 2015,0,0,0,0,0,0,0,0
111,111,85,134,,Not_provided,she,,7,fandomheros,Unknown,592116361423261697,"RT @Nikkiqueen11: RT for a solo dm with Barack Obama! üåü
Follow me so I can add you! üå¥",Unknown,Sun Apr 26 00:01:56 +0000 2015,0,0,0,0,0,0,0,0
112,112,1630,1425,,Not_provided,Claude Rains,,0,QuitterC,Unknown,592116360496467968,"Usa, Nyt: hacker russi hanno letto e-mail di Obama - Si tratterebbe di corrispondenza non coperta da segreto http://t.co/jfRvcFiBvy",Rome,Sun Apr 26 00:01:55 +0000 2015,0,0,0,0,0,0,0,0
113,113,1334,746,,Brussels,ISO,,0,ISObserver,Unknown,592116356373413888,Russian hackers read Obama's unclassified emails last year: NYT http://t.co/203F809YMo,Brussels,Sun Apr 26 00:01:55 +0000 2015,0,0,0,0,0,0,0,0
114,114,20005,15629,,Badassistan,IPayMyJizyaWith.357,,1,SonofLiberty357,Unknown,592116355870035968,RT @EintheD1: Vice President Cheney was right about Barack HUSSEIN Obama from day one... https://t.co/fV9STPALha,Central Time (US & Canada),Sun Apr 26 00:01:54 +0000 2015,0,0,0,0,0,0,0,0
115,115,407,535,,M√©xico ,Karla ,,6,KarlaaEscobaar_,Unknown,592116355375075328,RT @biebsuschrist: if nash grier gets a picture with obama im gonna kill myself,Monterrey,Sun Apr 26 00:01:54 +0000 2015,0,0,0,0,0,0,0,0
116,116,53321,48263,,"VA/Washington, DC",debra cincioni,,0,MomsofAmerica,Unknown,592116354150473729,"via @Techmeme Russian Hackers Read Obama's Unclassified Emails, Officials Say (New York Times) http://t.co/UT8THIHsC7",Eastern Time (US & Canada),Sun Apr 26 00:01:54 +0000 2015,0,0,0,0,0,0,0,0
117,117,146,504,,Not_provided,not an apology,,0,jaureguishtxp,Unknown,592116352032247809,@sudeeee_74 when will your idiot of an idol perform for The First Lady and Obama? Two times in a row?,Eastern Time (US & Canada),Sun Apr 26 00:01:53 +0000 2015,0,0,0,0,0,0,0,0
118,118,2648,2271,,Not_provided,The Head Jerk,,0,TheHeadJerk,Unknown,592116349599494144,"It's Saturday,  Day 715 of The Obama #IRS Scandal. I wonder how Lois Lerner likes being in jail.

Oh wait I forgot, the @gop let her off.",Pacific Time (US & Canada),Sun Apr 26 00:01:53 +0000 2015,0,0,0,0,0,0,0,0
119,119,128,79,,"Mangalore / Manipal, India",Anushka S,,0,anuSHka1s,Unknown,592116349251510272,"Russian Hackers Read Obama's Unclassified Emails, Officials Say (New York Times) http://t.co/fxEzoZiJIR",Mumbai,Sun Apr 26 00:01:53 +0000 2015,0,0,0,0,0,0,0,0
120,120,312,855,,"Wellington, nz",8,,8,knersis,Unknown,592116348605452288,"RT @LI_politico: ""The TPP is little more than enhanced corporation power branded as free trade."" - The New York Times
http://t.co/pMDFRMdcM7",Auckland,Sun Apr 26 00:01:53 +0000 2015,0,1,0,0,0,0,0,0
121,121,1517,2000,,"South Jersey, NJ",Ceezar-P,,138,CeezP,Unknown,592116339701055489,"RT @cnnbrk: Obama's motorcade arrives at #WHCD, met by waving, cheering crowd. Watch CNNgo http://t.co/nM0NMNkNCE",Eastern Time (US & Canada),Sun Apr 26 00:01:51 +0000 2015,0,0,0,0,0,0,0,0
122,122,554,972,,Not_provided,Carl David Greiner,,7,CarlGreiner,Unknown,592116339419979776,"RT @2AFight: Vader reads #Obama ""How to destroy the world"" #tcot #tgdn #PJNET #SGP #RedNationRising #teaparty #ccot #LNYHBT http://t.co/20F‚Ä¶",Unknown,Sun Apr 26 00:01:50 +0000 2015,0,0,0,0,0,0,0,0
123,123,877,1537,,"VB, Va -Hail from Edgefield SC",Mike USC GameCock,,1,UscYr72,Unknown,592116332235128832,RT @RightWingArt: IMAGE: Obama - Failed http://t.co/nVAn3cSvNJ #nobama #fail #resist44 #dictator #treason,Unknown,Sun Apr 26 00:01:49 +0000 2015,0,0,0,0,0,0,0,0
124,124,1641,2002,,"Victoria, Tx.",simcha aliyah,,1,simchaaliyah,Unknown,592116332121862144,"RT @SusanKnowles: Russian Hackers Read Obama's Unclassified Emails, Officials Say http://t.co/cy1JmUI2KD #NowTheyKnowHisGolfSchedule",Unknown,Sun Apr 26 00:01:49 +0000 2015,0,0,0,0,0,0,0,0
125,125,556,874,,The Resistance,Lord Helmet,,71,justthetruth049,Unknown,592116329123074049,RT @trutherbot: Obama has brought more prosecutions against whistleblowers under the Espionage Act than all previous presidents combined.,Unknown,Sun Apr 26 00:01:48 +0000 2015,0,0,0,0,0,0,0,0
126,126,335,1327,,Not_provided,Samme,,0,Aerkchai,Unknown,592116328359682048,"Obama's comedy, Hollywood stargazing to be top draw at White House Correspondents' Dinner http://t.co/pRamnLBdY7",Unknown,Sun Apr 26 00:01:48 +0000 2015,0,0,0,0,0,0,0,0
127,127,567,514,,Not_provided,MAY 13 ‚ÄºÔ∏è‚ú®,,0,og_niaa,Unknown,592116326954627072,When Obama listens to earned it by The WeekendüòÇüòÇüòÇüòÇ #Obamacareforyouyouyouyou (Vine by @reemteam23) https://t.co/90WpuP0gUS,Mountain Time (US & Canada),Sun Apr 26 00:01:47 +0000 2015,0,0,0,0,0,0,0,0
128,128,78,25,,"„Éú„Çπ„Éà„É≥ (Boston, MA)",„Ç¢„É©„É≥ (ÊôÇ„ÄÖ„Ç¢„É©„É≥„Åï„Çì),,0,KKXG,Unknown,592116326371581954,"@JebBush At the same time, Obama is laughing it up at a WH corresponnce dinner, silencing the US Press. Unbelievable. @rupertmurdoch @wsj",Eastern Time (US & Canada),Sun Apr 26 00:01:47 +0000 2015,0,0,0,0,0,0,0,0
129,129,948,824,,Not_provided,JHONNY MULLER,,0,JHONNYRELLUM,Unknown,592116325708730368,"Russian Hackers Read Obama‚Äôs Unclassified Emails, Officials Say http://t.co/RYsYokhVS6",Alaska,Sun Apr 26 00:01:47 +0000 2015,0,0,0,0,0,0,0,0
130,130,199,200,,Washington DC,Iam_maze,,0,skish04,Unknown,592116319866224641,"Russian Hackers Read Obama‚Äôs Unclassified Emails, Officials Say http://t.co/V0YpuK3h78",Unknown,Sun Apr 26 00:01:46 +0000 2015,0,0,0,0,0,0,0,0
131,131,50,324,,Northern California,Eugenia Taylor,,0,Wildflower1016,Unknown,592116318779809792,@CNNVote OBAMA,Pacific Time (US & Canada),Sun Apr 26 00:01:46 +0000 2015,0,0,0,0,0,0,0,0
132,132,395,1565,,Not_provided,trevor d h!!!,,4,trevo42,Unknown,592116317131558914,"RT @poo_picker: Hi #FreddieGray, President Obama is about to do a comedy routine at a celebrity gala full of rich white people. Have a good‚Ä¶",Central Time (US & Canada),Sun Apr 26 00:01:45 +0000 2015,0,0,0,0,0,0,0,0
133,133,2529,2358,,Not_provided,quippd Politics News,,0,quippdPolitics,Unknown,592116316137369600,"Russian Hackers Read Obama‚Äôs Unclassified Emails, Officials Say http://t.co/VoCWN4FPFm",Eastern Time (US & Canada),Sun Apr 26 00:01:45 +0000 2015,0,0,0,0,0,0,0,0
134,134,116,117,,"Redding, CA ",Ryan Connelly,,343,ryan_p_connelly,Unknown,592116314266669056,RT @nytimes: Russian hackers read President Obama‚Äôs unclassified emails http://t.co/5NiYy6T70x http://t.co/aK52eTh81F,Pacific Time (US & Canada),Sun Apr 26 00:01:44 +0000 2015,0,0,0,0,0,0,0,0
135,135,382,710,,Beyond,WIntelAgency,,18,WIntelAgency,Unknown,592116314245758978,RT @thehill: Russian hackers reportedly obtained Obama's emails: http://t.co/Wt2C7xzwXP http://t.co/KUdmWPugtq,Alaska,Sun Apr 26 00:01:44 +0000 2015,0,0,0,0,0,0,0,0
136,136,2031,662,,"Washington, DC",Jeremy Art,,15,cspanJeremy,Unknown,592116314166034432,"RT @cspan: ""Oh God, it's Mom.""  @mamawoodhouse with President Obama &amp; @FLOTUS Michelle Obama. #WHCD #WHCD2015 #NerdProm http://t.co/uD7KNzq‚Ä¶",Quito,Sun Apr 26 00:01:44 +0000 2015,0,0,0,0,0,0,0,0
137,137,456,75,,Not_provided,internetsecuritynews,,0,AttackWarning,Unknown,592116313323118592,"#cybersecurity Russian Hackers Read Obama's Unclassified Emails, Officials Say - New York Times http://t.co/1pkielWSPp",Unknown,Sun Apr 26 00:01:44 +0000 2015,0,0,0,0,0,0,0,0
138,138,53581,53308,,"Proudly, my thoughts are my own!",Dr Alex Concorde,,0,DrAlexConcorde,Unknown,592116311053983745,ReutersWorld: Russian hackers read Obama's unclassified emails last year: NYT http://t.co/QIL76cHqx3,London,Sun Apr 26 00:01:44 +0000 2015,0,0,0,0,0,0,0,0
139,139,166,261,,Wonderland,Sam,,1,samm_me,Unknown,592116309581766656,RT @onepaynetrain: @samm_me @NiallOfficial ask Obama,Eastern Time (US & Canada),Sun Apr 26 00:01:43 +0000 2015,0,0,0,0,0,0,0,0
140,140,1633,765,,Unfiltered & Unafraid ! #USA ,On the Right‚Üí,,1,47Patriots,Unknown,592116309548105728,RT @exposeliberals: Obama Illegal alien rapes 10 year old girl in New Orleans http://t.co/onwmkHa76k #tcot #tgdn #tlot http://t.co/fAfDtohG‚Ä¶,Eastern Time (US & Canada),Sun Apr 26 00:01:43 +0000 2015,0,0,0,0,0,0,0,0
141,141,61,252,,Not_provided,Alfred De Souza,,0,Ajidsok,Unknown,592116303982403584,President Obama Delivers Remarks at the White House Correspondents' Association Dinner,Unknown,Sun Apr 26 00:01:42 +0000 2015,0,0,0,0,0,0,0,0
142,142,3248,837,,"Rochester, NY",Amarlie,,1,marabout40,Unknown,592116303781040128,@stiNgo100 @metaquest why two years? They want to make sure it's not President Obama who closes it.,Eastern Time (US & Canada),Sun Apr 26 00:01:42 +0000 2015,0,0,0,0,0,0,0,0
143,143,3295,995,,Atl by way of NYC,#Struggle,,17,illmatic_kid,Unknown,592116303453814784,RT @Mama4Obama1: So Roland Martin went golfing this weekend instead of going to Baltimore to cover protests but he wants to tell Pres. Obam‚Ä¶,Eastern Time (US & Canada),Sun Apr 26 00:01:42 +0000 2015,0,0,0,0,0,0,0,0
144,144,4933,2558,,jmkarg@gmail.com,Juan Manuel Karg,,1,jmkarg,Unknown,592116302174679041,"Seg√∫n el New York Times, algunos mails de Obama fueron interceptados por hackers rusos en 2014 http://t.co/SSM14amHNQ http://t.co/ou1sjw9n7s",Brasilia,Sun Apr 26 00:01:42 +0000 2015,0,0,0,0,0,0,0,0
145,145,2462,2178,,"New Orleans, La",Mr. Incredible,,0,samueljcookiii,Unknown,592116300266270720,"""Obama talked down to black people"" by acknowledging certain realities about our communities. Okay. Sure.",Central Time (US & Canada),Sun Apr 26 00:01:41 +0000 2015,0,0,0,0,0,0,0,0
146,146,1787,934,,US,Neil,,8,NPSusa,Unknown,592116299091836928,RT @thehill: Obama tries to hold #WHCD spotlight as 2016 race crowds the stage: http://t.co/Fvz7rtk2KZ http://t.co/xPyNnY1FFU,Eastern Time (US & Canada),Sun Apr 26 00:01:41 +0000 2015,0,0,0,0,0,0,0,0
147,147,1,39,,Not_provided,Sachita Nand Bharti,,0,sachitanand11,Unknown,592116294477950977,OBAMA IS WRITTEN.....WHAT I HAVE TO TAKE FROM.....O SACHIT HE WILL GET.............WHAT HE WILL GET ?..... NARAJ HO JAEYGA BOL NARAJ HO JAEY,Unknown,Sun Apr 26 00:01:40 +0000 2015,0,0,0,0,0,0,0,0
148,148,261,288,,Not_provided,Retweet game 3hunna,,1588,Ciroc_Obama__,Unknown,592116291932069888,RT @andrewchumbley: Kris Humphries averages 8 points per game after 10 years pro and is worried about Bruce Jenner's choices smh go to prac‚Ä¶,Central Time (US & Canada),Sun Apr 26 00:01:39 +0000 2015,0,0,0,0,0,0,1,0
149,149,402,794,,USA,Nathan M. Bickel,,0,TheChristianMsg,Unknown,592116291554545664,"Obama, Michelle And Hillary Can Face A Similar Historical Fate: Italian Resistance¬†Movement http://t.co/8bso2grAxA",Unknown,Sun Apr 26 00:01:39 +0000 2015,0,0,0,0,0,0,0,0
150,150,157,297,,LALA Land,MZMa√´str√ñ,,0,MesutZidane,Unknown,592116291491786752,"@Phaetonv2 the most ironic thing is, Obama becoming  President was seen as a hope for black people to have more freedom and respect. its",London,Sun Apr 26 00:01:39 +0000 2015,0,1,0,0,0,0,0,0
151,151,1377,1886,,"Los Angeles, CA",Maureen Damian,,15,FactsMatter,Unknown,592116286928199680,"RT @cspan: ""Oh God, it's Mom.""  @mamawoodhouse with President Obama &amp; @FLOTUS Michelle Obama. #WHCD #WHCD2015 #NerdProm http://t.co/uD7KNzq‚Ä¶",Unknown,Sun Apr 26 00:01:38 +0000 2015,0,0,0,0,0,0,0,0
152,152,2846,3087,,United States of America,Peace Is Active,,1,peaceisactive,Unknown,592116284914946048,Republicans still blame huge pre-Obama crash on President Obama while ignoring progress. #gopfail #IAFaithForum #WHCD http://t.co/FIAkH596yN,Eastern Time (US & Canada),Sun Apr 26 00:01:37 +0000 2015,0,0,0,0,0,0,0,0
153,153,594,721,,Not_provided,The First Lady ,,18,FLMomNYGirl,Unknown,592116279277985792,RT @thehill: Russian hackers reportedly obtained Obama's emails: http://t.co/Wt2C7xzwXP http://t.co/KUdmWPugtq,Eastern Time (US & Canada),Sun Apr 26 00:01:36 +0000 2015,0,0,0,0,0,0,0,0
154,154,65339,2746,,Cocooned - Transforming,Jeff Johnson,,38,Jeffsnation,Unknown,592116279139508224,"RT @rolandsmartin: And since the media elite is in the room, Pres Obama should challenge them to devote the time &amp; resources to covering th‚Ä¶",Eastern Time (US & Canada),Sun Apr 26 00:01:36 +0000 2015,0,0,0,0,0,0,0,0
155,155,1872,2048,,Central Illinois,  Ron Wagner,,0,ronwagn,Unknown,592116278816550912,Bombshell Interview: Obama‚Äôs Brother Says Barack Is ‚ÄòCold And Ruthless‚Ä¶Dishonest And A Schemer‚Äô http://t.co/auGUug6JFp,Unknown,Sun Apr 26 00:01:36 +0000 2015,0,0,0,0,0,0,0,0
156,156,238,74,,18.01.15 ,kyra,,50688,pubarty,Unknown,592116276496994304,RT @BarackObama: #ClimateChangeIsReal. So is President Obama's 3-point game. http://t.co/M27bxCqJSG,Yakutsk,Sun Apr 26 00:01:35 +0000 2015,0,0,0,0,0,0,1,0
157,157,556,1937,,"Los Angeles, CA",Matt Jensen,,15,mattjensen88,Unknown,592116275158982656,"RT @cspan: ""Oh God, it's Mom.""  @mamawoodhouse with President Obama &amp; @FLOTUS Michelle Obama. #WHCD #WHCD2015 #NerdProm http://t.co/uD7KNzq‚Ä¶",Pacific Time (US & Canada),Sun Apr 26 00:01:35 +0000 2015,0,0,0,0,0,0,0,0
158,158,9368,9700,,Worldwide,newsaiya ,,0,hhaiya50,Unknown,592116273116413952,"Russian Hackers Read Obama‚Äôs Unclassified Emails, Officials Say - http://t.co/8ud1NihTyO http://t.co/whsltdHo3R",Nairobi,Sun Apr 26 00:01:35 +0000 2015,0,0,0,0,0,0,0,0
159,159,424,198,,Not_provided,ermitanya,,15,rizza_mohammad,Unknown,592116270444642304,RT @TIME: Watch live: The annual White House Correspondents' Dinner http://t.co/2DTxRiMYaU,Arizona,Sun Apr 26 00:01:34 +0000 2015,0,0,0,0,0,0,0,0
160,160,1588,2002,,Everywhere & Nowhere,Head n' Hands,,5,damaninmiddle,Unknown,592116267537989632,"RT @SardinePundit: The crowd at the vomit-inducing White House Correspondents Dinner,can't wait to worship their clay-footed idol,Obama htt‚Ä¶",Unknown,Sun Apr 26 00:01:33 +0000 2015,0,0,0,0,0,0,0,0
161,161,571,1644,,Twitterverse,Amy Alexis Cedeno,,15,Amy_Cedeno,Unknown,592116264052592640,RT @TIME: Watch live: The annual White House Correspondents' Dinner http://t.co/2DTxRiMYaU,Unknown,Sun Apr 26 00:01:32 +0000 2015,0,0,0,0,0,0,0,0
162,162,633,868,"{u'type': u'Point', u'coordinates': [37.24749725, -121.78162035]}",California,Olga Vazquez,"{u'full_name': u'San Jose, CA', u'url': u'https://api.twitter.com/1.1/geo/id/7d62cffe6f98f349.json', u'country': u'United States', u'place_type': u'city', u'bounding_box': {u'type': u'Polygon', u'coordinates': [[[-122.035311, 37.193164], [-121.71215, 37.193164], [-121.71215, 37.469154], [-122.035311, 37.469154]]]}, u'contained_within': [], u'country_code': u'US', u'attributes': {}, u'id': u'7d62cffe6f98f349', u'name': u'San Jose'}",0,terracotta05,Unknown,592116263549206529,"You absolutely do not get it. Obama, funded by Soros, and La Raza group.BAD RESULTS!@AmbJohnBolton @marcorubio http://t.co/S9AtoAZIrC",Unknown,Sun Apr 26 00:01:32 +0000 2015,0,0,0,0,0,0,0,0
163,163,51222,235,,Not_provided,John Siracusa,,30,siracusa,Unknown,592116262718808064,"RT @greenhousenyt: NYT's Mark @bittman: TPP is ""a blatant attack on labor, farmers, food safety, public health &amp; national sovereignty."" htt‚Ä¶",Eastern Time (US & Canada),Sun Apr 26 00:01:32 +0000 2015,0,0,0,0,0,0,0,0
164,164,21,237,,Universidad de M√°laga,CuartopoderenRed,,31,CuartpoderenRed,Unknown,592116262509125632,RT @kenklippenstein: US drone kills 2 western hostages but NYT still can't go one sentence without defending Obama. http://t.co/1zJIk25jy4 ‚Ä¶,Belgrade,Sun Apr 26 00:01:32 +0000 2015,0,0,0,0,0,0,0,0
165,165,800,849,,America?!,Desi Sholl,,29,DesiSholl,Unknown,592116261783482368,RT @palmaceiahome1: The day Obama leaves the White House and takes his Muslim prayer rug with him will be the best day in my life. #TheFive,Unknown,Sun Apr 26 00:01:32 +0000 2015,0,0,0,0,0,0,0,0
166,166,112,88,,Not_provided,Marilyn Gunroe,,0,MarilynGunroe,Unknown,592116259908620288,"@VICE if i were u id take this whole thing down quick , obama winning in 08? Lol this is ruining ur cred big time. Over reaching x10",Unknown,Sun Apr 26 00:01:32 +0000 2015,0,0,0,0,0,0,0,0
167,167,13440,14143,,Florida,Larry Mason,,3,larrymasonbiz,Unknown,592116257941512192,"RT @JenD1974: Elizabeth Warren fires back on Obama's #TPP left wing scolding.
#StopFastTrack  https://t.co/cIXjemv3kY",Eastern Time (US & Canada),Sun Apr 26 00:01:31 +0000 2015,0,0,0,0,0,0,0,0
168,168,1125,1044,,Malaysia,Inspiration Journal,,0,InsJournal,Unknown,592116255466856448,Reuters - World &gt; Russian hackers read Obama's unclassified emails last year: NYT http://t.co/cPKACM5nBE,Kuala Lumpur,Sun Apr 26 00:01:30 +0000 2015,0,0,0,0,0,0,0,0
169,169,2999,3049,,Right Here On The Left,K Kelly,,1,GrainOfSands,Unknown,592116255081013251,RT @Peacepox: http://t.co/jJOllSJuyg SS agents divulged sensitive info about President Obama‚Äôs movements to mitt in the final days of 2012 ‚Ä¶,Eastern Time (US & Canada),Sun Apr 26 00:01:30 +0000 2015,0,0,0,0,0,0,0,0
170,170,97624,90318,,Los Angeles - USSA,‚îå–ü‚îê(‚Ä¢_‚Ä¢),,1,exposeliberals,Unknown,592116252518293504,Obama Illegal alien rapes 10 year old girl in New Orleans http://t.co/onwmkHa76k #tcot #tgdn #tlot http://t.co/fAfDtohGON,Pacific Time (US & Canada),Sun Apr 26 00:01:30 +0000 2015,0,0,0,0,0,0,0,0
171,171,65339,2746,,Cocooned - Transforming,Jeff Johnson,,125,Jeffsnation,Unknown,592116251977191424,"RT @rolandsmartin: If the unrest continues in Baltimore, Pres Obama should junk the jokes &amp; give a real speech on the reality of police bru‚Ä¶",Eastern Time (US & Canada),Sun Apr 26 00:01:30 +0000 2015,0,0,0,0,0,0,0,0
172,172,2738,2603,,"Indianapolis, IN",David Monroe,,0,David0Monroe,Unknown,592116249942990849,Warren to Obama: Stop making 'untrue' trade claims | TheHill http://t.co/kZmBXi1Yna,Unknown,Sun Apr 26 00:01:29 +0000 2015,0,0,0,0,0,0,0,0
173,173,152,362,,Not_provided,coyote_50,,13,coyote_50,Unknown,592116249942839296,"RT @Thomasismyuncle: If you really want to #ResistCapitalism, Cuba is open for business... prove it. Thanks Obama.",Unknown,Sun Apr 26 00:01:29 +0000 2015,0,0,0,0,0,0,0,0
174,174,1235,1616,,Taxation w/o Representation,DC,,0,costadaniel,Unknown,592116247598374912,Elizabeth Warren Tells Obama To Put Up Or Shut Up On Trade/#TPP: after President accuses her &amp; critical Dems of lying http://t.co/6ijNFcpAqt,Eastern Time (US & Canada),Sun Apr 26 00:01:29 +0000 2015,0,0,0,0,0,0,0,0
175,175,2615,2552,,Not_provided,Judy Kay,,1,Kay15Judy,Unknown,592116247321411585,RT @NaughtyBeyotch: Megyn Kelly Takes Obama Spokeswoman Marie Harf to the Woodshed! http://t.co/OnyqNntoZS,Unknown,Sun Apr 26 00:01:29 +0000 2015,0,0,0,0,0,0,0,0
176,176,253,253,,USA,Kim,,9,7KimMarie7,Unknown,592116239251550208,RT @joe_nuzz: #Churchill's opinion of #Islam (he lived in India &amp; Africa) helps one understand why #Obama hates him. http://t.co/kOOok7OJR0,Eastern Time (US & Canada),Sun Apr 26 00:01:27 +0000 2015,0,0,0,0,0,0,0,0
177,177,643,551,,France,Nadia,,1,nadiachorba,Unknown,592116238987481089,RT @Nikkiqueen11: @nadiachorba won the solo dm with Obama lol,Unknown,Sun Apr 26 00:01:27 +0000 2015,0,0,0,0,0,0,0,0
178,178,25931,28401,"{u'type': u'Point', u'coordinates': [0.0, 0.0]}","Bloomfield Hills, MI",Lori Singer,"{u'full_name': u'Birmingham, MI', u'url': u'https://api.twitter.com/1.1/geo/id/b456150eed80704e.json', u'country': u'United States', u'place_type': u'city', u'bounding_box': {u'type': u'Polygon', u'coordinates': [[[-83.248591, 42.530837], [-83.185059, 42.530837], [-83.185059, 42.566543], [-83.248591, 42.566543]]]}, u'contained_within': [], u'country_code': u'US', u'attributes': {}, u'id': u'b456150eed80704e', u'name': u'Birmingham'}",0,LoriSinger,Unknown,592116237985013761,"....Why all the military assets being sent down south, Obama?  #WHCD  #JadeHelm  #JadeHelm15  #JH15  #WalmartClosings",Eastern Time (US & Canada),Sun Apr 26 00:01:26 +0000 2015,0,0,0,0,0,0,0,0
179,179,1124,2001,,Virginia. Richmond. ,Dave.,,3,101flyboy,Unknown,592116237456580608,RT @tlrd: Obama's 11 Best White House Correspondents' Dinner Jokes: WATCH http://t.co/olm7wAaQye #WHCD #WHCD2015 http://t.co/Ju0LYVJs0X,Atlantic Time (Canada),Sun Apr 26 00:01:26 +0000 2015,0,0,0,0,0,0,0,0
180,180,937,1991,,"Bonita Springs, Florida, USA",Wendy Morris,,15,morrislaw,Unknown,592116235179061249,"RT @cspan: ""Oh God, it's Mom.""  @mamawoodhouse with President Obama &amp; @FLOTUS Michelle Obama. #WHCD #WHCD2015 #NerdProm http://t.co/uD7KNzq‚Ä¶",Eastern Time (US & Canada),Sun Apr 26 00:01:26 +0000 2015,0,0,0,0,0,0,0,0
181,181,973,991,,USA,Larry K Chapman,,0,LKChapman147,Unknown,592116231802523648,Obama &amp;the plan for WW3: Best documentary of the Yea 2015please RT:   http://t.co/ZtZrSTWuDE,Unknown,Sun Apr 26 00:01:25 +0000 2015,0,0,0,0,0,0,0,0
182,182,456,535,,In the stacks,Bookish Belle,,1,bookishpony,Unknown,592116228006629377,"RT @HuffPostImpact: New Orleans ends vet homelessness, proves it's ""not an impossible problem"" http://t.co/aJt1YfHHbm",Pacific Time (US & Canada),Sun Apr 26 00:01:24 +0000 2015,0,0,0,0,0,0,0,0
183,183,1378,1991,,montes claros mg,fabricio,,0,djfabriciocjmg,Unknown,592116227906076672,Vixi... Esses rakers √© muito foda.. Invadem at√© o email do presidente do EUA http://t.co/UiJcRZ3sFR,Unknown,Sun Apr 26 00:01:24 +0000 2015,0,0,0,0,0,0,0,0
184,184,306,424,,"Chicago, IL",Sanjana Karanth,,125,sanjanakaranth,Unknown,592116227738312704,"RT @rolandsmartin: If the unrest continues in Baltimore, Pres Obama should junk the jokes &amp; give a real speech on the reality of police bru‚Ä¶",Unknown,Sun Apr 26 00:01:24 +0000 2015,0,0,0,0,0,0,0,0
185,185,682,1382,,Crap part of Astoria,Mike,,0,RealMikeSalerno,Unknown,592116227503497216,@smclaughlin9 what part of this is surprising? btw Tom Brady is the white devil because he said no to President Obama.,Eastern Time (US & Canada),Sun Apr 26 00:01:24 +0000 2015,0,0,0,0,0,0,0,0
186,186,41,69,,Not_provided,Dale ,,0,fakebobbygatlin,Unknown,592116226362605569,Most every Monday I wake up to see what freedoms Obama has stolen from me #GOP #teaparty,Central Time (US & Canada),Sun Apr 26 00:01:24 +0000 2015,0,1,0,0,0,0,0,0
187,187,207,231,,www.facebook.com/stuntfm,STUNTFM 97.3,,0,stuntfmc,Unknown,592116225704079361,"New post (Obama's comedy, Hollywood stargazing to be top draw at White House Correspondents' Dinner) has been... http://t.co/7BdD8IYf1d",West Central Africa,Sun Apr 26 00:01:23 +0000 2015,0,0,0,0,0,0,0,0
188,188,29,214,,"Upland,CA",Robin,,0,robineforbes,Unknown,592116223929917440,Bombshell interview: Malik Obama says Barack is cold and ruthless - Allen B. West - http://t.co/ObCXnlrf1E http://t.co/ocnKOHiJoi,Unknown,Sun Apr 26 00:01:23 +0000 2015,0,0,0,0,0,0,0,0
189,189,712,884,"{u'type': u'Point', u'coordinates': [0.0, 0.0]}",Great Lakes,deafear,"{u'full_name': u'Racine, WI', u'url': u'https://api.twitter.com/1.1/geo/id/ce3b7b6f88f0b308.json', u'country': u'United States', u'place_type': u'city', u'bounding_box': {u'type': u'Polygon', u'coordinates': [[[-87.877863, 42.677972], [-87.770388, 42.677972], [-87.770388, 42.799314], [-87.877863, 42.799314]]]}, u'contained_within': [], u'country_code': u'US', u'attributes': {}, u'id': u'ce3b7b6f88f0b308', u'name': u'Racine'}",0,deafear,Unknown,592116221585285120,Warren to Obama Stop making 'untrue' trade claims #DeclassifyTPP  http://t.co/80a9lxrk5R @ExposeTPP @CAFalk #notpp @Teamsters @wwaflcio,Hawaii,Sun Apr 26 00:01:22 +0000 2015,0,0,0,0,0,0,0,0
190,190,1895,1647,,"Washington, DC",U.S. News Opinion,,0,USNewsOpinion,Unknown,592116220356403201,Opponents of Obama's trade deals are living in the past http://t.co/xzT8L0FOsf,Eastern Time (US & Canada),Sun Apr 26 00:01:22 +0000 2015,0,0,0,0,0,0,0,0
191,191,766,1996,,orrville | athens | the sea,Tessa Brediger,,15,TessaBrediger,Unknown,592116218255024129,RT @TIME: Watch live: The annual White House Correspondents' Dinner http://t.co/2DTxRiMYaU,Atlantic Time (Canada),Sun Apr 26 00:01:22 +0000 2015,0,0,0,0,0,0,0,0
192,192,199,319,,Not_provided,bob bob,,28,roses1241,Unknown,592116218158456832,RT @Conserv_Babe: Keep in mind Hillary won't undo anything Obama has done. They are one in the same. #StopHillary2016 #2a #PJNET #TCOT http‚Ä¶,Unknown,Sun Apr 26 00:01:22 +0000 2015,0,0,0,0,0,0,0,0
193,193,290,649,,Not_provided,Random Twitmeister,,4,LarryJones46,Unknown,592116218103988226,RT @BraveConWarrior: Megyn Kelly Takes Obama Spokeswoman Marie Harf to the Woodshed! http://t.co/YQMH46C4FC,Unknown,Sun Apr 26 00:01:22 +0000 2015,0,0,0,0,0,0,0,0
194,194,134,169,,Far from home,Brian,,165,ThaHennySipper,Unknown,592116215583113216,RT @Classic_picx: President Barack Obama on vacation with his family in Hawaii in 2007. http://t.co/Om6szRiBG7,Pacific Time (US & Canada),Sun Apr 26 00:01:21 +0000 2015,0,0,0,0,0,0,0,0
195,195,19,86,,Not_provided,Marion ,,35,MaidmaeMarion,Unknown,592116213872009218,"RT @thehill: Elizabeth Warren slams Obama for making ""untrue"" claims about opponents of trade deal: http://t.co/umwOkkOUbE http://t.co/ar5A‚Ä¶",Unknown,Sun Apr 26 00:01:21 +0000 2015,0,0,0,0,0,0,0,0
196,196,865,1070,,Not_provided,mglessman,,8,mglessman,Unknown,592116212412190721,"RT @Linnlondon1: Obama/Hillary MADE THIS  
#Benghazi  https://t.co/9JIQjV5Vya",Unknown,Sun Apr 26 00:01:20 +0000 2015,0,0,0,0,0,0,0,0
197,197,4946,4894,,Tokyo/Yokohama Japan,Telly,,0,TellyStern,Unknown,592116207488110592,If Obama Admin including Hillary had told the truth there would be no #Benghazi probe https://t.co/6f0sCgSMfy,Tokyo,Sun Apr 26 00:01:19 +0000 2015,0,0,0,0,0,0,0,0
198,198,71,22,,#nerdprom,WHCD,,5,NerdPromTweets,Unknown,592116202777944066,"RT @GottaLaff: Has Fox ""News"" reported on how terrible President Obama's #WHCD stand-up is yet? He'll be on in 90 minutes. #NerdProm",Unknown,Sun Apr 26 00:01:18 +0000 2015,0,0,0,0,0,0,0,0
199,199,3,20,,Not_provided,Ronald Beaubien,,0,BeaubienRon,Unknown,592116199900590080,Funny story all year media rips Obama on his spending then media spends hundreds to eat &amp; laugh there,Unknown,Sun Apr 26 00:01:17 +0000 2015,0,0,0,0,0,0,0,0
